cluster_id,n_points_x,bbox_minx,bbox_miny,bbox_maxx,bbox_maxy,n_Energieproject,n_Locatiespecifiek,centroid_lon,centroid_lat,score,n_points_y,compactness_m,score_norm,rank,geometry_wkt
9,12,228171.28302245858,547175.6380377028,233993.76173075303,553415.0631500001,1,11,6.514090402116868,52.93541777454731,12.44813096769746,12.0,2231.4905053091175,1.0,1,POINT (6.514090402116868 52.93541777454731)
7,3,150589.27266610193,457874.559,153875.69903881493,461718.05355892016,1,2,5.342891633103936,52.127360984507646,3.4762870230886476,3.0,2099.5743134861586,0.0,2,POINT (5.342891633103936 52.127360984507646)
