cluster_id,n_points_x,bbox_minx,bbox_miny,bbox_maxx,bbox_maxy,n_Energieproject,n_Locatiespecifiek,centroid_lon,centroid_lat,score,n_points_y,compactness_m,score_norm,rank,geometry_wkt
10,12,228171.28302245858,547175.6380377028,233993.76173075303,553415.0631500001,1,11,6.514090402116868,52.93541777454731,12.44813096769746,12.0,2231.4905053091175,1.0,1,POINT (6.514090402116868 52.93541777454731)
8,3,150589.27266610193,457874.559,153875.69903881493,461718.05355892016,1,2,5.342891633103936,52.127360984507646,3.4762870230886476,3.0,2099.5743134861586,0.09742482800114306,2,POINT (5.342891633103936 52.127360984507646)
12,2,132201.91117358586,444869.98699999996,133803.9947587599,445393.9618772598,1,1,5.066923631003578,51.99413823493277,3.1865265212943843,2.0,842.7961624680513,0.06827467376751016,3,POINT (5.066923631003578 51.99413823493277)
15,2,170221.4851082988,453015.30707045156,173428.4611801775,455300.92053252197,1,1,5.632621494685471,52.07544558207507,2.507857599951671,2.0,1969.0558920203316,0.0,4,POINT (5.632621494685471 52.07544558207507)
